{
  "minecraft:recipes/decorations/crafting_table": {
    "criteria": {
      "unlock_right_away": "2024-08-18 21:45:16 +0000"
    },
    "done": true
  },
  "minecraft:adventure/adventuring_time": {
    "criteria": {
      "minecraft:beach": "2024-08-18 21:50:51 +0000",
      "minecraft:sparse_jungle": "2024-08-18 21:45:17 +0000",
      "minecraft:river": "2024-08-18 21:50:39 +0000",
      "minecraft:jungle": "2024-08-18 21:50:41 +0000",
      "minecraft:plains": "2024-08-18 22:38:17 +0000"
    },
    "done": false
  },
  "DataVersion": 3465
}